{"cameraMode":{"drawMode":0,"name":"Shaded","section":"Shading Mode"},"sceneLighting":false,"audioPlay":false,"sceneViewState":{"showFog":true,"showMaterialUpdate":false,"showSkybox":false,"showFlares":true,"showImageEffects":true,"showParticleSystems":true},"in2DMode":false,"pivot":{"x":-96.83368682861328,"y":-1.7022972106933594,"z":-123.08460235595703},"rotation":{"x":0.02940560318529606,"y":0.1631895899772644,"z":-0.004864905495196581,"w":0.9861516952514648},"size":14.409174919128418,"orthographic":false}