{"cameraMode":{"drawMode":0,"name":"Shaded","section":"Shading Mode"},"sceneLighting":true,"audioPlay":false,"sceneViewState":{"showFog":true,"showMaterialUpdate":false,"showSkybox":true,"showFlares":true,"showImageEffects":true,"showParticleSystems":true},"in2DMode":false,"pivot":{"x":172.07516479492188,"y":-879.6651611328125,"z":577.939208984375},"rotation":{"x":-0.48625048995018008,"y":-0.07528004795312882,"z":0.041933685541152957,"w":-0.8696660995483398},"size":1501.9658203125,"orthographic":false}