{"cameraMode":{"drawMode":0,"name":"Shaded","section":"Shading Mode"},"sceneLighting":false,"audioPlay":false,"sceneViewState":{"showFog":true,"showMaterialUpdate":false,"showSkybox":false,"showFlares":true,"showImageEffects":true,"showParticleSystems":true},"in2DMode":false,"pivot":{"x":265.6524353027344,"y":14.751707077026368,"z":378.87298583984377},"rotation":{"x":-0.005243568681180477,"y":-0.4305382966995239,"z":0.002501455834135413,"w":-0.9025743007659912},"size":421.5922546386719,"orthographic":false}