{"cameraMode":{"drawMode":0,"name":"Shaded","section":"Shading Mode"},"sceneLighting":false,"audioPlay":false,"sceneViewState":{"showFog":true,"showMaterialUpdate":false,"showSkybox":false,"showFlares":true,"showImageEffects":true,"showParticleSystems":true},"in2DMode":false,"pivot":{"x":26.508338928222658,"y":20.983856201171876,"z":30.142196655273439},"rotation":{"x":0.08761104196310044,"y":-0.8270643353462219,"z":0.5401344895362854,"w":0.13099971413612367},"size":308.5660400390625,"orthographic":false}