{"cameraMode":{"drawMode":0,"name":"Shaded","section":"Shading Mode"},"sceneLighting":true,"audioPlay":false,"sceneViewState":{"showFog":true,"showMaterialUpdate":false,"showSkybox":false,"showFlares":true,"showImageEffects":true,"showParticleSystems":true},"in2DMode":false,"pivot":{"x":-191.6046600341797,"y":2.9248766899108888,"z":47.189029693603519},"rotation":{"x":-0.02585352025926113,"y":0.6145731806755066,"z":-0.02019360102713108,"w":-0.7882406711578369},"size":5.715785026550293,"orthographic":false}