{"cameraMode":{"drawMode":0,"name":"Shaded","section":"Shading Mode"},"sceneLighting":true,"audioPlay":false,"sceneViewState":{"showFog":true,"showMaterialUpdate":false,"showSkybox":true,"showFlares":true,"showImageEffects":true,"showParticleSystems":true},"in2DMode":false,"pivot":{"x":-904.3704223632813,"y":-908.82958984375,"z":-608.7791748046875},"rotation":{"x":-0.14660251140594483,"y":0.8464049696922302,"z":-0.2983219623565674,"w":-0.41630682349205019},"size":1501.9658203125,"orthographic":false}