{"cameraMode":{"drawMode":0,"name":"Shaded","section":"Shading Mode"},"sceneLighting":true,"audioPlay":false,"sceneViewState":{"showFog":true,"showMaterialUpdate":false,"showSkybox":false,"showFlares":true,"showImageEffects":true,"showParticleSystems":true},"in2DMode":false,"pivot":{"x":-104.54767608642578,"y":-3.940016508102417,"z":-119.45358276367188},"rotation":{"x":-0.01156359538435936,"y":0.8304829001426697,"z":-0.017300330102443696,"w":-0.5567411780357361},"size":11.431546211242676,"orthographic":false}