{"cameraMode":{"drawMode":0,"name":"Shaded","section":"Shading Mode"},"sceneLighting":false,"audioPlay":false,"sceneViewState":{"showFog":true,"showMaterialUpdate":false,"showSkybox":false,"showFlares":true,"showImageEffects":true,"showParticleSystems":true},"in2DMode":false,"pivot":{"x":-182.60000610351563,"y":-1.1782214641571046,"z":-128.29733276367188},"rotation":{"x":0.044192101806402209,"y":0.569170355796814,"z":-0.030655698850750924,"w":0.8204676508903503},"size":26.595701217651368,"orthographic":false}