{"cameraMode":{"drawMode":0,"name":"Shaded","section":"Shading Mode"},"sceneLighting":false,"audioPlay":false,"sceneViewState":{"showFog":true,"showMaterialUpdate":false,"showSkybox":false,"showFlares":true,"showImageEffects":true,"showParticleSystems":true},"in2DMode":false,"pivot":{"x":-61.14258575439453,"y":-43.57680130004883,"z":163.3884735107422},"rotation":{"x":0.044192101806402209,"y":0.569170355796814,"z":-0.030655698850750924,"w":0.8204676508903503},"size":9.01456356048584,"orthographic":false}