{"cameraMode":{"drawMode":0,"name":"Shaded","section":"Shading Mode"},"sceneLighting":true,"audioPlay":false,"sceneViewState":{"showFog":true,"showMaterialUpdate":false,"showSkybox":false,"showFlares":true,"showImageEffects":true,"showParticleSystems":true},"in2DMode":false,"pivot":{"x":-228.19309997558595,"y":7.369523525238037,"z":90.95230102539063},"rotation":{"x":0.008454376831650734,"y":0.5756219029426575,"z":-0.005900848191231489,"w":0.817711591720581},"size":5.715777397155762,"orthographic":false}