{"cameraMode":{"drawMode":0,"name":"Shaded","section":"Shading Mode"},"sceneLighting":true,"audioPlay":false,"sceneViewState":{"showFog":true,"showMaterialUpdate":false,"showSkybox":true,"showFlares":true,"showImageEffects":true,"showParticleSystems":true},"in2DMode":false,"pivot":{"x":235.99559020996095,"y":23.516000747680665,"z":-43.43400192260742},"rotation":{"x":0.005551779177039862,"y":-0.9890583157539368,"z":0.1425178050994873,"w":0.03858187794685364},"size":9.02318286895752,"orthographic":false}