{"cameraMode":{"drawMode":0,"name":"Shaded","section":"Shading Mode"},"sceneLighting":false,"audioPlay":false,"sceneViewState":{"showFog":true,"showMaterialUpdate":false,"showSkybox":false,"showFlares":true,"showImageEffects":true,"showParticleSystems":true},"in2DMode":false,"pivot":{"x":-7.218967437744141,"y":22.08499526977539,"z":120.8172607421875},"rotation":{"x":-0.028891077265143396,"y":-0.6773784756660461,"z":0.02664128690958023,"w":-0.7345880270004273},"size":61.15266036987305,"orthographic":false}