{"cameraMode":{"drawMode":0,"name":"Shaded","section":"Shading Mode"},"sceneLighting":false,"audioPlay":false,"sceneViewState":{"showFog":true,"showMaterialUpdate":false,"showSkybox":false,"showFlares":true,"showImageEffects":true,"showParticleSystems":true},"in2DMode":false,"pivot":{"x":-368.6126403808594,"y":-114.68292236328125,"z":12.293110847473145},"rotation":{"x":-0.10026738792657852,"y":0.7821195721626282,"z":-0.1304834932088852,"w":-0.6010128855705261},"size":421.5922546386719,"orthographic":false}