{"cameraMode":{"drawMode":0,"name":"Shaded","section":"Shading Mode"},"sceneLighting":false,"audioPlay":false,"sceneViewState":{"showFog":true,"showMaterialUpdate":false,"showSkybox":false,"showFlares":true,"showImageEffects":true,"showParticleSystems":true},"in2DMode":false,"pivot":{"x":22.463747024536134,"y":23.170969009399415,"z":113.39764404296875},"rotation":{"x":0.12382956594228745,"y":0.025893500074744226,"z":0.0032328576780855657,"w":-0.9919629096984863},"size":27.844562530517579,"orthographic":false}